{"results":[{"ticker":"X:1INCHUSD","name":"1inch - United States Dollar","market":"crypto","locale":"global","active":true,"currency_symbol":"USD","currency_name":"United States Dollar","base_currency_symbol":"1INCH","base_currency_name":"1inch","last_updated_utc":"2017-01-01T00:00:00Z"},{"ticker":"X:AAVEUSD","name":"Aave - United States Dollar","market":"crypto","locale":"global","active":true,"currency_symbol":"USD","currency_name":"United States Dollar","base_currency_symbol":"AAVE","base_currency_name":"Aave","last_updated_utc":"2017-01-01T00:00:00Z"},{"ticker":"X:ACHUSD","name":"Alchemy Pay - United States Dollar","market":"crypto","locale":"global","active":true,"currency_symbol":"USD","currency_name":"United States Dollar","base_currency_symbol":"ACH","base_currency_name":"Alchemy Pay","last_updated_utc":"2017-01-01T00:00:00Z"},{"ticker":"X:ADAUSD","name":"Cardano - United States Dollar","market":"crypto","locale":"global","active":true,"currency_symbol":"USD","currency_name":"United States Dollar","base_currency_symbol":"ADA","base_currency_name":"Cardano","last_updated_utc":"2017-01-01T00:00:00Z"},{"ticker":"X:ALBTUSD","name":"AllianceBlock - United States Dollar","market":"crypto","locale":"global","active":true,"currency_symbol":"USD","currency_name":"United States Dollar","base_currency_symbol":"ALBT","base_currency_name":"AllianceBlock","last_updated_utc":"2017-01-01T00:00:00Z"},{"ticker":"X:ALCXUSD","name":"Alchemix - United States Dollar","market":"crypto","locale":"global","active":true,"currency_symbol":"USD","currency_name":"United States Dollar","base_currency_symbol":"ALCX","base_currency_name":"Alchemix","last_updated_utc":"2017-01-01T00:00:00Z"},{"ticker":"X:ALGOUSD","name":"Algorand - United States Dollar","market":"crypto","locale":"global","active":true,"currency_symbol":"USD","currency_name":"United States Dollar","base_currency_symbol":"ALGO","base_currency_name":"Algorand","last_updated_utc":"2017-01-01T00:00:00Z"},{"ticker":"X:AMPUSD","name":"Amp - United States Dollar","market":"crypto","locale":"global","active":true,"currency_symbol":"USD","currency_name":"United States Dollar","base_currency_symbol":"AMP","base_currency_name":"Amp","last_updated_utc":"2017-01-01T00:00:00Z"},{"ticker":"X:ANKRUSD","name":"Ankr - United States Dollar","market":"crypto","locale":"global","active":true,"currency_symbol":"USD","currency_name":"United States Dollar","base_currency_symbol":"ANKR","base_currency_name":"Ankr","last_updated_utc":"2017-01-01T00:00:00Z"},{"ticker":"X:ANTUSD","name":"Aragon - United States Dollar","market":"crypto","locale":"global","active":true,"currency_symbol":"USD","currency_name":"United States Dollar","base_currency_symbol":"ANT","base_currency_name":"Aragon","last_updated_utc":"2017-01-01T00:00:00Z"},{"ticker":"X:APEUSD","name":"ApeCoin - United States Dollar","market":"crypto","locale":"global","active":true,"currency_symbol":"USD","currency_name":"United States Dollar","base_currency_symbol":"APE","base_currency_name":"ApeCoin","last_updated_utc":"2017-01-01T00:00:00Z"},{"ticker":"X:API3USD","name":"API3 - United States Dollar","market":"crypto","locale":"global","active":true,"currency_symbol":"USD","currency_name":"United States Dollar","base_currency_symbol":"API3","base_currency_name":"API3","last_updated_utc":"2017-01-01T00:00:00Z"},{"ticker":"X:ARPAUSD","name":"ARPA Chain - United States Dollar","market":"crypto","locale":"global","active":true,"currency_symbol":"USD","currency_name":"United States Dollar","base_currency_symbol":"ARPA","base_currency_name":"ARPA Chain","last_updated_utc":"2017-01-01T00:00:00Z"},{"ticker":"X:ASMUSD","name":"Assemble Protocol - United States Dollar","market":"crypto","locale":"global","active":true,"currency_symbol":"USD","currency_name":"United States Dollar","base_currency_symbol":"ASM","base_currency_name":"Assemble Protocol","last_updated_utc":"2017-01-01T00:00:00Z"},{"ticker":"X:ATOMUSD","name":"Cosmos - United States Dollar","market":"crypto","locale":"global","active":true,"currency_symbol":"USD","currency_name":"United States Dollar","base_currency_symbol":"ATOM","base_currency_name":"Cosmos","last_updated_utc":"2017-01-01T00:00:00Z"},{"ticker":"X:AUCTIONUSD","name":"Bounce Token - United States Dollar","market":"crypto","locale":"global","active":true,"currency_symbol":"USD","currency_name":"United States Dollar","base_currency_symbol":"AUCTION","base_currency_name":"Bounce Token","last_updated_utc":"2017-01-01T00:00:00Z"},{"ticker":"X:AVAXUSD","name":"Avalanche - United States Dollar","market":"crypto","locale":"global","active":true,"currency_symbol":"USD","currency_name":"United States Dollar","base_currency_symbol":"AVAX","base_currency_name":"Avalanche","last_updated_utc":"2017-01-01T00:00:00Z"},{"ticker":"X:AVTUSD","name":"Aventus - United States Dollar","market":"crypto","locale":"global","active":true,"currency_symbol":"USD","currency_name":"United States Dollar","base_currency_symbol":"AVT","base_currency_name":"Aventus","last_updated_utc":"2017-01-01T00:00:00Z"},{"ticker":"X:AXSUSD","name":"Axie Infinity - United States Dollar","market":"crypto","locale":"global","active":true,"currency_symbol":"USD","currency_name":"United States Dollar","base_currency_symbol":"AXS","base_currency_name":"Axie Infinity","last_updated_utc":"2017-01-01T00:00:00Z"},{"ticker":"X:BADGERUSD","name":"Badger Dao - United States Dollar","market":"crypto","locale":"global","active":true,"currency_symbol":"USD","currency_name":"United States Dollar","base_currency_symbol":"BADGER","base_currency_name":"Badger Dao","last_updated_utc":"2017-01-01T00:00:00Z"},{"ticker":"X:BALUSD","name":"Balancer - United States Dollar","market":"crypto","locale":"global","active":true,"currency_symbol":"USD","currency_name":"United States Dollar","base_currency_symbol":"BAL","base_currency_name":"Balancer","last_updated_utc":"2017-01-01T00:00:00Z"},{"ticker":"X:BANDUSD","name":"Band Protocol - United States Dollar","market":"crypto","locale":"global","active":true,"currency_symbol":"USD","currency_name":"United States Dollar","base_currency_symbol":"BAND","base_currency_name":"Band Protocol","last_updated_utc":"2017-01-01T00:00:00Z"},{"ticker":"X:BATUSD","name":"Basic Attention Token - United States Dollar","market":"crypto","locale":"global","active":true,"currency_symbol":"USD","currency_name":"United States Dollar","base_currency_symbol":"BAT","base_currency_name":"Basic Attention Token","last_updated_utc":"2017-01-01T00:00:00Z"},{"ticker":"X:BCHEUR","name":"Bitcoin Cash - Euro","market":"crypto","locale":"global","active":true,"currency_symbol":"EUR","currency_name":"Euro","base_currency_symbol":"BCH","base_currency_name":"Bitcoin Cash","last_updated_utc":"2017-01-01T00:00:00Z"},{"ticker":"X:BCHGBP","name":"Bitcoin Cash - Great Britian Pound","market":"crypto","locale":"global","active":true,"currency_symbol":"GBP","currency_name":"Great Britian Pound","base_currency_symbol":"BCH","base_currency_name":"Bitcoin Cash","last_updated_utc":"2017-01-01T00:00:00Z"},{"ticker":"X:BCHUSD","name":"Bitcoin Cash - United States Dollar","market":"crypto","locale":"global","active":true,"currency_symbol":"USD","currency_name":"United States Dollar","base_currency_symbol":"BCH","base_currency_name":"Bitcoin Cash","last_updated_utc":"2017-01-01T00:00:00Z"},{"ticker":"X:BFTUSD","name":"BnkToTheFuture - United States Dollar","market":"crypto","locale":"global","active":true,"currency_symbol":"USD","currency_name":"United States Dollar","base_currency_symbol":"BFT","base_currency_name":"BnkToTheFuture","last_updated_utc":"2017-01-01T00:00:00Z"},{"ticker":"X:BNTUSD","name":"Bancor - United States Dollar","market":"crypto","locale":"global","active":true,"currency_symbol":"USD","currency_name":"United States Dollar","base_currency_symbol":"BNT","base_currency_name":"Bancor","last_updated_utc":"2017-01-01T00:00:00Z"},{"ticker":"X:BOBAUSD","name":"Boba Network - United States Dollar","market":"crypto","locale":"global","active":true,"currency_symbol":"USD","currency_name":"United States Dollar","base_currency_symbol":"BOBA","base_currency_name":"Boba Network","last_updated_utc":"2017-01-01T00:00:00Z"},{"ticker":"X:BONDUSD","name":"BarnBridge - United States Dollar","market":"crypto","locale":"global","active":true,"currency_symbol":"USD","currency_name":"United States Dollar","base_currency_symbol":"BOND","base_currency_name":"BarnBridge","last_updated_utc":"2017-01-01T00:00:00Z"},{"ticker":"X:BOSONUSD","name":"Boson Protocol - United States Dollar","market":"crypto","locale":"global","active":true,"currency_symbol":"USD","currency_name":"United States Dollar","base_currency_symbol":"BOSON","base_currency_name":"Boson Protocol","last_updated_utc":"2017-01-01T00:00:00Z"},{"ticker":"X:BSVUSD","name":"Bitcoin SV - United States Dollar","market":"crypto","locale":"global","active":true,"currency_symbol":"USD","currency_name":"United States Dollar","base_currency_symbol":"BSV","base_currency_name":"Bitcoin SV","last_updated_utc":"2017-01-01T00:00:00Z"},{"ticker":"X:BTCAUD","name":"Bitcoin - Australian Dollar","market":"crypto","locale":"global","active":true,"currency_symbol":"AUD","currency_name":"Australian Dollar","base_currency_symbol":"BTC","base_currency_name":"Bitcoin","last_updated_utc":"2017-01-01T00:00:00Z"},{"ticker":"X:BTCEUR","name":"Bitcoin - Euro","market":"crypto","locale":"global","active":true,"currency_symbol":"EUR","currency_name":"Euro","base_currency_symbol":"BTC","base_currency_name":"Bitcoin","last_updated_utc":"2017-01-01T00:00:00Z"},{"ticker":"X:BTCGBP","name":"Bitcoin - Great Britain Pound","market":"crypto","locale":"global","active":true,"currency_symbol":"GBP","currency_name":"Great Britain Pound","base_currency_symbol":"BTC","base_currency_name":"Bitcoin","last_updated_utc":"2017-01-01T00:00:00Z"},{"ticker":"X:BTCJPY","name":"Bitcoin - Japanese Yen","market":"crypto","locale":"global","active":true,"currency_symbol":"JPY","currency_name":"Japanese Yen","base_currency_symbol":"BTC","base_currency_name":"Bitcoin","last_updated_utc":"2017-01-01T00:00:00Z"},{"ticker":"X:BTCUSD","name":"Bitcoin - United States Dollar","market":"crypto","locale":"global","active":true,"currency_symbol":"USD","currency_name":"United States Dollar","base_currency_symbol":"BTC","base_currency_name":"Bitcoin","last_updated_utc":"2017-01-01T00:00:00Z"},{"ticker":"X:BTGUSD","name":"Bitcoin Gold - United States Dollar","market":"crypto","locale":"global","active":true,"currency_symbol":"USD","currency_name":"United States Dollar","base_currency_symbol":"BTG","base_currency_name":"Bitcoin Gold","last_updated_utc":"2017-01-01T00:00:00Z"},{"ticker":"X:BTRSTUSD","name":"Braintrust - United States Dollar","market":"crypto","locale":"global","active":true,"currency_symbol":"USD","currency_name":"United States Dollar","base_currency_symbol":"BTRST","base_currency_name":"Braintrust","last_updated_utc":"2017-01-01T00:00:00Z"},{"ticker":"X:BTSEUSD","name":"BTSE - United States Dollar","market":"crypto","locale":"global","active":true,"currency_symbol":"USD","currency_name":"United States Dollar","base_currency_symbol":"BTSE","base_currency_name":"BTSE","last_updated_utc":"2017-01-01T00:00:00Z"},{"ticker":"X:BTTUSD","name":"BitTorrent - United States Dollar","market":"crypto","locale":"global","active":true,"currency_symbol":"USD","currency_name":"United States Dollar","base_currency_symbol":"BTT","base_currency_name":"BitTorrent","last_updated_utc":"2017-01-01T00:00:00Z"},{"ticker":"X:CELUSD","name":"Celsius - United States Dollar","market":"crypto","locale":"global","active":true,"currency_symbol":"USD","currency_name":"United States Dollar","base_currency_symbol":"CEL","base_currency_name":"Celsius","last_updated_utc":"2017-01-01T00:00:00Z"},{"ticker":"X:CGLDUSD","name":"Celo - United States Dollar","market":"crypto","locale":"global","active":true,"currency_symbol":"USD","currency_name":"United States Dollar","base_currency_symbol":"CGLD","base_currency_name":"Celo","last_updated_utc":"2017-01-01T00:00:00Z"},{"ticker":"X:CHSBUSD","name":"SwissBorg - United States Dollar","market":"crypto","locale":"global","active":true,"currency_symbol":"USD","currency_name":"United States Dollar","base_currency_symbol":"CHSB","base_currency_name":"SwissBorg","last_updated_utc":"2017-01-01T00:00:00Z"},{"ticker":"X:CHZUSD","name":"Chiliz - United States Dollar","market":"crypto","locale":"global","active":true,"currency_symbol":"USD","currency_name":"United States Dollar","base_currency_symbol":"CHZ","base_currency_name":"Chiliz","last_updated_utc":"2017-01-01T00:00:00Z"},{"ticker":"X:CLOUSD","name":"Callisto - United States Dollar","market":"crypto","locale":"global","active":true,"currency_symbol":"USD","currency_name":"United States Dollar","base_currency_symbol":"CLO","base_currency_name":"Callisto","last_updated_utc":"2017-01-01T00:00:00Z"},{"ticker":"X:CLVUSD","name":"Clover Finance - United States Dollar","market":"crypto","locale":"global","active":true,"currency_symbol":"USD","currency_name":"United States Dollar","base_currency_symbol":"CLV","base_currency_name":"Clover Finance","last_updated_utc":"2017-01-01T00:00:00Z"},{"ticker":"X:COMPUSD","name":"Compound - United States Dollar","market":"crypto","locale":"global","active":true,"currency_symbol":"USD","currency_name":"United States Dollar","base_currency_symbol":"COMP","base_currency_name":"Compound","last_updated_utc":"2017-01-01T00:00:00Z"},{"ticker":"X:COTIUSD","name":"Coti - United States Dollar","market":"crypto","locale":"global","active":true,"currency_symbol":"USD","currency_name":"United States Dollar","base_currency_symbol":"COTI","base_currency_name":"Coti","last_updated_utc":"2017-01-01T00:00:00Z"},{"ticker":"X:COVALUSD","name":"Circuits of Value - United States Dollar","market":"crypto","locale":"global","active":true,"currency_symbol":"USD","currency_name":"United States Dollar","base_currency_symbol":"COVAL","base_currency_name":"Circuits of Value","last_updated_utc":"2017-01-01T00:00:00Z"},{"ticker":"X:CROUSD","name":"Crypto.com - United States Dollar","market":"crypto","locale":"global","active":true,"currency_symbol":"USD","currency_name":"United States Dollar","base_currency_symbol":"CRO","base_currency_name":"Crypto.com","last_updated_utc":"2017-01-01T00:00:00Z"},{"ticker":"X:CRPTUSD","name":"Crypterium - United States Dollar","market":"crypto","locale":"global","active":true,"currency_symbol":"USD","currency_name":"United States Dollar","base_currency_symbol":"CRPT","base_currency_name":"Crypterium","last_updated_utc":"2017-01-01T00:00:00Z"},{"ticker":"X:CRVUSD","name":"Curve DAO Token - United States Dollar","market":"crypto","locale":"global","active":true,"currency_symbol":"USD","currency_name":"United States Dollar","base_currency_symbol":"CRV","base_currency_name":"Curve DAO Token","last_updated_utc":"2017-01-01T00:00:00Z"},{"ticker":"X:CSMUSD","name":"Consentium - United States Dollar","market":"crypto","locale":"global","active":true,"currency_symbol":"USD","currency_name":"United States Dollar","base_currency_symbol":"CSM","base_currency_name":"Consentium","last_updated_utc":"2017-01-01T00:00:00Z"},{"ticker":"X:CTSIUSD","name":"Cartesi - United States Dollar","market":"crypto","locale":"global","active":true,"currency_symbol":"USD","currency_name":"United States Dollar","base_currency_symbol":"CTSI","base_currency_name":"Cartesi","last_updated_utc":"2017-01-01T00:00:00Z"},{"ticker":"X:CVCUSD","name":"Civic - United States Dollar","market":"crypto","locale":"global","active":true,"currency_symbol":"USD","currency_name":"United States Dollar","base_currency_symbol":"CVC","base_currency_name":"Civic","last_updated_utc":"2017-01-01T00:00:00Z"},{"ticker":"X:DAIUSD","name":"Dai - United States Dollar","market":"crypto","locale":"global","active":true,"currency_symbol":"USD","currency_name":"United States Dollar","base_currency_symbol":"DAI","base_currency_name":"Dai","last_updated_utc":"2017-01-01T00:00:00Z"},{"ticker":"X:DASHUSD","name":"Dash - United States Dollar","market":"crypto","locale":"global","active":true,"currency_symbol":"USD","currency_name":"United States Dollar","base_currency_symbol":"DASH","base_currency_name":"Dash","last_updated_utc":"2017-01-01T00:00:00Z"},{"ticker":"X:DDXUSD","name":"DerivaDAO - United States Dollar","market":"crypto","locale":"global","active":true,"currency_symbol":"USD","currency_name":"United States Dollar","base_currency_symbol":"DDX","base_currency_name":"DerivaDAO","last_updated_utc":"2017-01-01T00:00:00Z"},{"ticker":"X:DGBUSD","name":"DigiByte - United States Dollar","market":"crypto","locale":"global","active":true,"currency_symbol":"USD","currency_name":"United States Dollar","base_currency_symbol":"DGB","base_currency_name":"DigiByte","last_updated_utc":"2017-01-01T00:00:00Z"},{"ticker":"X:DNYUSD","name":"District0x - United States Dollar","market":"crypto","locale":"global","active":true,"currency_symbol":"USD","currency_name":"United States Dollar","base_currency_symbol":"DNT","base_currency_name":"District0x","last_updated_utc":"2017-01-01T00:00:00Z"},{"ticker":"X:DOGEUSD","name":"Dogecoin - United States Dollar","market":"crypto","locale":"global","active":true,"currency_symbol":"USD","currency_name":"United States Dollar","base_currency_symbol":"DOGE","base_currency_name":"Dogecoin","last_updated_utc":"2017-01-01T00:00:00Z"},{"ticker":"X:DOTUSD","name":"Polkadot - United States Dollar","market":"crypto","locale":"global","active":true,"currency_symbol":"USD","currency_name":"United States Dollar","base_currency_symbol":"DOT","base_currency_name":"Polkadot","last_updated_utc":"2017-01-01T00:00:00Z"},{"ticker":"X:DSHUSD","name":"Dash - United States Dollar","market":"crypto","locale":"global","active":true,"currency_symbol":"USD","currency_name":"United States Dollar","base_currency_symbol":"DSH","base_currency_name":"Dash","last_updated_utc":"2017-01-01T00:00:00Z"},{"ticker":"X:DUSKUSD","name":"Dusk Network - United States Dollar","market":"crypto","locale":"global","active":true,"currency_symbol":"USD","currency_name":"United States Dollar","base_currency_symbol":"DUSK","base_currency_name":"Dusk Network","last_updated_utc":"2017-01-01T00:00:00Z"},{"ticker":"X:DVFUSD","name":"DeversiFi - United States Dollar","market":"crypto","locale":"global","active":true,"currency_symbol":"USD","currency_name":"United States Dollar","base_currency_symbol":"DVF","base_currency_name":"DeversiFi","last_updated_utc":"2017-01-01T00:00:00Z"},{"ticker":"X:EDOUSD","name":"Eidoo - United States Dollar","market":"crypto","locale":"global","active":true,"currency_symbol":"USD","currency_name":"United States Dollar","base_currency_symbol":"EDO","base_currency_name":"Eidoo","last_updated_utc":"2017-01-01T00:00:00Z"},{"ticker":"X:EGLDUSD","name":"Elrond - United States Dollar","market":"crypto","locale":"global","active":true,"currency_symbol":"USD","currency_name":"United States Dollar","base_currency_symbol":"EGLD","base_currency_name":"Elrond","last_updated_utc":"2017-01-01T00:00:00Z"},{"ticker":"X:ELAUSD","name":"Elastos - United States Dollar","market":"crypto","locale":"global","active":true,"currency_symbol":"USD","currency_name":"United States Dollar","base_currency_symbol":"ELA","base_currency_name":"Elastos","last_updated_utc":"2017-01-01T00:00:00Z"},{"ticker":"X:ENJUSD","name":"Enjin Coin - United States Dollar","market":"crypto","locale":"global","active":true,"currency_symbol":"USD","currency_name":"United States Dollar","base_currency_symbol":"ENJ","base_currency_name":"Enjin Coin","last_updated_utc":"2017-01-01T00:00:00Z"},{"ticker":"X:EOSUSD","name":"EOS - United States Dollar","market":"crypto","locale":"global","active":true,"currency_symbol":"USD","currency_name":"United States Dollar","base_currency_symbol":"EOS","base_currency_name":"EOS","last_updated_utc":"2017-01-01T00:00:00Z"},{"ticker":"X:ETCUSD","name":"Ethereum Classic - United States Dollar","market":"crypto","locale":"global","active":true,"currency_symbol":"USD","currency_name":"United States Dollar","base_currency_symbol":"ETC","base_currency_name":"Ethereum Classic","last_updated_utc":"2017-01-01T00:00:00Z"},{"ticker":"X:ETHAUD","name":"Ethereum - Australian dollar","market":"crypto","locale":"global","active":true,"currency_symbol":"AUD","currency_name":"Australian dollar","base_currency_symbol":"ETH","base_currency_name":"Ethereum","last_updated_utc":"2017-01-01T00:00:00Z"},{"ticker":"X:ETHBTC","name":"Ethereum - Bitcoin","market":"crypto","locale":"global","active":true,"currency_symbol":"BTC","currency_name":"Bitcoin","base_currency_symbol":"ETH","base_currency_name":"Ethereum","last_updated_utc":"2017-01-01T00:00:00Z"},{"ticker":"X:ETHUSD","name":"Ethereum - United States Dollar","market":"crypto","locale":"global","active":true,"currency_symbol":"USD","currency_name":"United States Dollar","base_currency_symbol":"ETH","base_currency_name":"Ethereum","last_updated_utc":"2017-01-01T00:00:00Z"},{"ticker":"X:ETPUSD","name":"Metaverse - United States Dollar","market":"crypto","locale":"global","active":true,"currency_symbol":"USD","currency_name":"United States Dollar","base_currency_symbol":"ETP","base_currency_name":"Metaverse","last_updated_utc":"2017-01-01T00:00:00Z"},{"ticker":"X:FARMUSD","name":"Harvest Finance - United States Dollar","market":"crypto","locale":"global","active":true,"currency_symbol":"USD","currency_name":"United States Dollar","base_currency_symbol":"FARM","base_currency_name":"Harvest Finance","last_updated_utc":"2017-01-01T00:00:00Z"},{"ticker":"X:FCLUSD","name":"Fractal - United States Dollar","market":"crypto","locale":"global","active":true,"currency_symbol":"USD","currency_name":"United States Dollar","base_currency_symbol":"FCL","base_currency_name":"Fractal","last_updated_utc":"2017-01-01T00:00:00Z"},{"ticker":"X:FETUSD","name":"Fetch.ai - United States Dollar","market":"crypto","locale":"global","active":true,"currency_symbol":"USD","currency_name":"United States Dollar","base_currency_symbol":"FET","base_currency_name":"Fetch.ai","last_updated_utc":"2017-01-01T00:00:00Z"},{"ticker":"X:FILUSD","name":"Filecoin - United States Dollar","market":"crypto","locale":"global","active":true,"currency_symbol":"USD","currency_name":"United States Dollar","base_currency_symbol":"FIL","base_currency_name":"Filecoin","last_updated_utc":"2017-01-01T00:00:00Z"},{"ticker":"X:FLOWUSD","name":"Flow - United States Dollar","market":"crypto","locale":"global","active":true,"currency_symbol":"USD","currency_name":"United States Dollar","base_currency_symbol":"FLOW","base_currency_name":"Flow","last_updated_utc":"2017-01-01T00:00:00Z"},{"ticker":"X:FORTHUSD","name":"Ampleforth Governance Token - United States Dollar","market":"crypto","locale":"global","active":true,"currency_symbol":"USD","currency_name":"United States Dollar","base_currency_symbol":"FORTH","base_currency_name":"Ampleforth Governance Token","last_updated_utc":"2017-01-01T00:00:00Z"},{"ticker":"X:FOXUSD","name":"Shapeshift FOX Token - United States Dollar","market":"crypto","locale":"global","active":true,"currency_symbol":"USD","currency_name":"United States Dollar","base_currency_symbol":"FOX","base_currency_name":"Shapeshift FOX Token","last_updated_utc":"2017-01-01T00:00:00Z"},{"ticker":"X:FTMUSD","name":"Fantom - United States Dollar","market":"crypto","locale":"global","active":true,"currency_symbol":"USD","currency_name":"United States Dollar","base_currency_symbol":"FTM","base_currency_name":"Fantom","last_updated_utc":"2017-01-01T00:00:00Z"},{"ticker":"X:FTTUSD","name":"FTX Token - United States Dollar","market":"crypto","locale":"global","active":true,"currency_symbol":"USD","currency_name":"United States Dollar","base_currency_symbol":"FTT","base_currency_name":"FTX Token","last_updated_utc":"2017-01-01T00:00:00Z"},{"ticker":"X:FUNUSD","name":"FunFair - United States Dollar","market":"crypto","locale":"global","active":true,"currency_symbol":"USD","currency_name":"United States Dollar","base_currency_symbol":"FUN","base_currency_name":"FunFair","last_updated_utc":"2017-01-01T00:00:00Z"},{"ticker":"X:FXUSD","name":"Function X - United States Dollar","market":"crypto","locale":"global","active":true,"currency_symbol":"USD","currency_name":"United States Dollar","base_currency_symbol":"FX","base_currency_name":"Function X","last_updated_utc":"2017-01-01T00:00:00Z"},{"ticker":"X:GALAUSD","name":"Gala Games - United States Dollar","market":"crypto","locale":"global","active":true,"currency_symbol":"USD","currency_name":"United States Dollar","base_currency_symbol":"GALA","base_currency_name":"Gala Games","last_updated_utc":"2017-01-01T00:00:00Z"},{"ticker":"X:GLMUSD","name":"Golem - United States Dollar","market":"crypto","locale":"global","active":true,"currency_symbol":"USD","currency_name":"United States Dollar","base_currency_symbol":"GLM","base_currency_name":"Golem","last_updated_utc":"2017-01-01T00:00:00Z"},{"ticker":"X:GNOUSD","name":"Gnosis - United States Dollar","market":"crypto","locale":"global","active":true,"currency_symbol":"USD","currency_name":"United States Dollar","base_currency_symbol":"GNO","base_currency_name":"Gnosis","last_updated_utc":"2017-01-01T00:00:00Z"},{"ticker":"X:GNTUSD","name":"Golem - United States Dollar","market":"crypto","locale":"global","active":true,"currency_symbol":"USD","currency_name":"United States Dollar","base_currency_symbol":"GNT","base_currency_name":"Golem","last_updated_utc":"2017-01-01T00:00:00Z"},{"ticker":"X:GRTUSD","name":"The Graph - United States Dollar","market":"crypto","locale":"global","active":true,"currency_symbol":"USD","currency_name":"United States Dollar","base_currency_symbol":"GRT","base_currency_name":"The Graph","last_updated_utc":"2017-01-01T00:00:00Z"},{"ticker":"X:GTCUSD","name":"Gitcoin - United States Dollar","market":"crypto","locale":"global","active":true,"currency_symbol":"USD","currency_name":"United States Dollar","base_currency_symbol":"GTC","base_currency_name":"Gitcoin","last_updated_utc":"2017-01-01T00:00:00Z"},{"ticker":"X:GUSDUSD","name":"Gemini Dollar - United States Dollar","market":"crypto","locale":"global","active":true,"currency_symbol":"USD","currency_name":"United States Dollar","base_currency_symbol":"GUSD","base_currency_name":"Gemini Dollar","last_updated_utc":"2017-01-01T00:00:00Z"},{"ticker":"X:GYENUSD","name":"GYEN - United States Dollar","market":"crypto","locale":"global","active":true,"currency_symbol":"USD","currency_name":"United States Dollar","base_currency_symbol":"GYEN","base_currency_name":"GYEN","last_updated_utc":"2017-01-01T00:00:00Z"},{"ticker":"X:HBARUSD","name":"Hedera - United States Dollar","market":"crypto","locale":"global","active":true,"currency_symbol":"USD","currency_name":"United States Dollar","base_currency_symbol":"HBAR","base_currency_name":"Hedera","last_updated_utc":"2017-01-01T00:00:00Z"},{"ticker":"X:HMTUSD","name":"Human - United States Dollar","market":"crypto","locale":"global","active":true,"currency_symbol":"USD","currency_name":"United States Dollar","base_currency_symbol":"HMT","base_currency_name":"Human","last_updated_utc":"2017-01-01T00:00:00Z"},{"ticker":"X:ICEUSD","name":"Popsicle Finance - United States Dollar","market":"crypto","locale":"global","active":true,"currency_symbol":"USD","currency_name":"United States Dollar","base_currency_symbol":"ICE","base_currency_name":"Popsicle Finance","last_updated_utc":"2017-01-01T00:00:00Z"},{"ticker":"X:ICPUSD","name":"Internet Computer - United States Dollar","market":"crypto","locale":"global","active":true,"currency_symbol":"USD","currency_name":"United States Dollar","base_currency_symbol":"ICP","base_currency_name":"Internet Computer","last_updated_utc":"2017-01-01T00:00:00Z"},{"ticker":"X:ICXUSD","name":"Icon - United States Dollar","market":"crypto","locale":"global","active":true,"currency_symbol":"USD","currency_name":"United States Dollar","base_currency_symbol":"ICX","base_currency_name":"Icon","last_updated_utc":"2017-01-01T00:00:00Z"},{"ticker":"X:IMXUSD","name":"Immutable X - United States Dollar","market":"crypto","locale":"global","active":true,"currency_symbol":"USD","currency_name":"United States Dollar","base_currency_symbol":"IMX","base_currency_name":"Immutable X","last_updated_utc":"2017-01-01T00:00:00Z"},{"ticker":"X:INJUSD","name":"Injective - United States Dollar","market":"crypto","locale":"global","active":true,"currency_symbol":"USD","currency_name":"United States Dollar","base_currency_symbol":"INJ","base_currency_name":"Injective","last_updated_utc":"2017-01-01T00:00:00Z"},{"ticker":"X:IOTUSD","name":"IOTA - United States Dollar","market":"crypto","locale":"global","active":true,"currency_symbol":"USD","currency_name":"United States Dollar","base_currency_symbol":"IOT","base_currency_name":"IOTA","last_updated_utc":"2017-01-01T00:00:00Z"},{"ticker":"X:IOTXUSD","name":"IoTeX - United States Dollar","market":"crypto","locale":"global","active":true,"currency_symbol":"USD","currency_name":"United States Dollar","base_currency_symbol":"IOTX","base_currency_name":"IoTeX","last_updated_utc":"2017-01-01T00:00:00Z"},{"ticker":"X:IQXUSD","name":"IQ Token - United States Dollar","market":"crypto","locale":"global","active":true,"currency_symbol":"USD","currency_name":"United States Dollar","base_currency_symbol":"IQX","base_currency_name":"IQ Token","last_updated_utc":"2017-01-01T00:00:00Z"},{"ticker":"X:JASMYUSD","name":"JasmyCoin - United States Dollar","market":"crypto","locale":"global","active":true,"currency_symbol":"USD","currency_name":"United States Dollar","base_currency_symbol":"JASMY","base_currency_name":"JasmyCoin","last_updated_utc":"2017-01-01T00:00:00Z"},{"ticker":"X:JSTUSD","name":"JUST - United States Dollar","market":"crypto","locale":"global","active":true,"currency_symbol":"USD","currency_name":"United States Dollar","base_currency_symbol":"JST","base_currency_name":"JUST","last_updated_utc":"2017-01-01T00:00:00Z"},{"ticker":"X:KAVAUSD","name":"Kava - United States Dollar","market":"crypto","locale":"global","active":true,"currency_symbol":"USD","currency_name":"United States Dollar","base_currency_symbol":"KAVA","base_currency_name":"Kava","last_updated_utc":"2017-01-01T00:00:00Z"},{"ticker":"X:KEEPUSD","name":"Keep Network - United States Dollar","market":"crypto","locale":"global","active":true,"currency_symbol":"USD","currency_name":"United States Dollar","base_currency_symbol":"KEEP","base_currency_name":"Keep Network","last_updated_utc":"2017-01-01T00:00:00Z"},{"ticker":"X:KNCUSD","name":"Kyber Network - United States Dollar","market":"crypto","locale":"global","active":true,"currency_symbol":"USD","currency_name":"United States Dollar","base_currency_symbol":"KNC","base_currency_name":"Kyber Network","last_updated_utc":"2017-01-01T00:00:00Z"},{"ticker":"X:KRLUSD","name":"Kryll - United States Dollar","market":"crypto","locale":"global","active":true,"currency_symbol":"USD","currency_name":"United States Dollar","base_currency_symbol":"KRL","base_currency_name":"Kryll","last_updated_utc":"2017-01-01T00:00:00Z"},{"ticker":"X:KSMUSD","name":"Kusama - United States Dollar","market":"crypto","locale":"global","active":true,"currency_symbol":"USD","currency_name":"United States Dollar","base_currency_symbol":"KSM","base_currency_name":"Kusama","last_updated_utc":"2017-01-01T00:00:00Z"},{"ticker":"X:LCXUSD","name":"LCX - United States Dollar","market":"crypto","locale":"global","active":true,"currency_symbol":"USD","currency_name":"United States Dollar","base_currency_symbol":"LCX","base_currency_name":"LCX","last_updated_utc":"2017-01-01T00:00:00Z"},{"ticker":"X:LINKUSD","name":"Chainlink - United States Dollar","market":"crypto","locale":"global","active":true,"currency_symbol":"USD","currency_name":"United States Dollar","base_currency_symbol":"LINK","base_currency_name":"Chainlink","last_updated_utc":"2017-01-01T00:00:00Z"},{"ticker":"X:LOOMUSD","name":"Loom - United States Dollar","market":"crypto","locale":"global","active":true,"currency_symbol":"USD","currency_name":"United States Dollar","base_currency_symbol":"LOOM","base_currency_name":"Loom","last_updated_utc":"2017-01-01T00:00:00Z"},{"ticker":"X:LPTUSD","name":"Livepeer - United States Dollar","market":"crypto","locale":"global","active":true,"currency_symbol":"USD","currency_name":"United States Dollar","base_currency_symbol":"LPT","base_currency_name":"Livepeer","last_updated_utc":"2017-01-01T00:00:00Z"},{"ticker":"X:LRCUSD","name":"Loopring - United States Dollar","market":"crypto","locale":"global","active":true,"currency_symbol":"USD","currency_name":"United States Dollar","base_currency_symbol":"LRC","base_currency_name":"Loopring","last_updated_utc":"2017-01-01T00:00:00Z"},{"ticker":"X:LSKUSD","name":"Lisk - United States Dollar","market":"crypto","locale":"global","active":true,"currency_symbol":"USD","currency_name":"United States Dollar","base_currency_symbol":"LSK","base_currency_name":"Lisk","last_updated_utc":"2017-01-01T00:00:00Z"},{"ticker":"X:LTCAUD","name":"Litecoin - Australian Dollar","market":"crypto","locale":"global","active":true,"currency_symbol":"AUD","currency_name":"Australian Dollar","base_currency_symbol":"LTC","base_currency_name":"Litecoin","last_updated_utc":"2017-01-01T00:00:00Z"},{"ticker":"X:LTCBTC","name":"Litecoin - Bitcoin","market":"crypto","locale":"global","active":true,"currency_symbol":"BTC","currency_name":"Bitcoin","base_currency_symbol":"LTC","base_currency_name":"Litecoin","last_updated_utc":"2017-01-01T00:00:00Z"},{"ticker":"X:LTCEUR","name":"Litecoin - Euro","market":"crypto","locale":"global","active":true,"currency_symbol":"EUR","currency_name":"Euro","base_currency_symbol":"LTC","base_currency_name":"Litecoin","last_updated_utc":"2017-01-01T00:00:00Z"},{"ticker":"X:LTCUSD","name":"Litecoin - United States Dollar","market":"crypto","locale":"global","active":true,"currency_symbol":"USD","currency_name":"United States Dollar","base_currency_symbol":"LTC","base_currency_name":"Litecoin","last_updated_utc":"2017-01-01T00:00:00Z"},{"ticker":"X:LUNAUSD","name":"Terra - United States Dollar","market":"crypto","locale":"global","active":true,"currency_symbol":"USD","currency_name":"United States Dollar","base_currency_symbol":"LUNA","base_currency_name":"Terra","last_updated_utc":"2017-01-01T00:00:00Z"},{"ticker":"X:LYMUSD","name":"Lympo - United States Dollar","market":"crypto","locale":"global","active":true,"currency_symbol":"USD","currency_name":"United States Dollar","base_currency_symbol":"LYM","base_currency_name":"Lympo","last_updated_utc":"2017-01-01T00:00:00Z"},{"ticker":"X:MANAUSD","name":"Decentraland - United States Dollar","market":"crypto","locale":"global","active":true,"currency_symbol":"USD","currency_name":"United States Dollar","base_currency_symbol":"MANA","base_currency_name":"Decentraland","last_updated_utc":"2017-01-01T00:00:00Z"},{"ticker":"X:MASKUSD","name":"Mask Network - United States Dollar","market":"crypto","locale":"global","active":true,"currency_symbol":"USD","currency_name":"United States Dollar","base_currency_symbol":"MASK","base_currency_name":"Mask Network","last_updated_utc":"2017-01-01T00:00:00Z"},{"ticker":"X:MATICUSD","name":"Polygon - United States Dollar","market":"crypto","locale":"global","active":true,"currency_symbol":"USD","currency_name":"United States Dollar","base_currency_symbol":"MATIC","base_currency_name":"Polygon","last_updated_utc":"2017-01-01T00:00:00Z"},{"ticker":"X:MIRUSD","name":"Mirror Protocol - United States Dollar","market":"crypto","locale":"global","active":true,"currency_symbol":"USD","currency_name":"United States Dollar","base_currency_symbol":"MIR","base_currency_name":"Mirror Protocol","last_updated_utc":"2017-01-01T00:00:00Z"},{"ticker":"X:MKRUSD","name":"Maker - United States Dollar","market":"crypto","locale":"global","active":true,"currency_symbol":"USD","currency_name":"United States Dollar","base_currency_symbol":"MKR","base_currency_name":"Maker","last_updated_utc":"2017-01-01T00:00:00Z"},{"ticker":"X:MLNUSD","name":"Melon - United States Dollar","market":"crypto","locale":"global","active":true,"currency_symbol":"USD","currency_name":"United States Dollar","base_currency_symbol":"MLN","base_currency_name":"Melon","last_updated_utc":"2017-01-01T00:00:00Z"},{"ticker":"X:MNAUSD","name":"Decentraland - United States Dollar","market":"crypto","locale":"global","active":true,"currency_symbol":"USD","currency_name":"United States Dollar","base_currency_symbol":"MNA","base_currency_name":"Decentraland","last_updated_utc":"2017-01-01T00:00:00Z"},{"ticker":"X:MOBUSD","name":"MobileCoin - United States Dollar","market":"crypto","locale":"global","active":true,"currency_symbol":"USD","currency_name":"United States Dollar","base_currency_symbol":"MOB","base_currency_name":"MobileCoin","last_updated_utc":"2017-01-01T00:00:00Z"},{"ticker":"X:MUSDUSD","name":"mStable USD - United States Dollar","market":"crypto","locale":"global","active":true,"currency_symbol":"USD","currency_name":"United States Dollar","base_currency_symbol":"MUSD","base_currency_name":"mStable USD","last_updated_utc":"2017-01-01T00:00:00Z"},{"ticker":"X:NANOUSD","name":"Nano - United States Dollar","market":"crypto","locale":"global","active":true,"currency_symbol":"USD","currency_name":"United States Dollar","base_currency_symbol":"NANO","base_currency_name":"Nano","last_updated_utc":"2017-01-01T00:00:00Z"},{"ticker":"X:NCTUSD","name":"PolySwarm - United States Dollar","market":"crypto","locale":"global","active":true,"currency_symbol":"USD","currency_name":"United States Dollar","base_currency_symbol":"NCT","base_currency_name":"PolySwarm","last_updated_utc":"2017-01-01T00:00:00Z"},{"ticker":"X:NEARUSD","name":"NEAR Protocol - United States Dollar","market":"crypto","locale":"global","active":true,"currency_symbol":"USD","currency_name":"United States Dollar","base_currency_symbol":"NEAR","base_currency_name":"NEAR Protocol","last_updated_utc":"2017-01-01T00:00:00Z"},{"ticker":"X:NEOUSD","name":"Neo - United States Dollar","market":"crypto","locale":"global","active":true,"currency_symbol":"USD","currency_name":"United States Dollar","base_currency_symbol":"NEO","base_currency_name":"Neo","last_updated_utc":"2017-01-01T00:00:00Z"},{"ticker":"X:NEXOUSD","name":"Nexo - United States Dollar","market":"crypto","locale":"global","active":true,"currency_symbol":"USD","currency_name":"United States Dollar","base_currency_symbol":"NEXO","base_currency_name":"Nexo","last_updated_utc":"2017-01-01T00:00:00Z"},{"ticker":"X:NKNUSD","name":"NKN - United States Dollar","market":"crypto","locale":"global","active":true,"currency_symbol":"USD","currency_name":"United States Dollar","base_currency_symbol":"NKN","base_currency_name":"NKN","last_updated_utc":"2017-01-01T00:00:00Z"},{"ticker":"X:NMRUSD","name":"Numeraire - United States Dollar","market":"crypto","locale":"global","active":true,"currency_symbol":"USD","currency_name":"United States Dollar","base_currency_symbol":"NMR","base_currency_name":"Numeraire","last_updated_utc":"2017-01-01T00:00:00Z"},{"ticker":"X:NUUSD","name":"NuCypher - United States Dollar","market":"crypto","locale":"global","active":true,"currency_symbol":"USD","currency_name":"United States Dollar","base_currency_symbol":"NU","base_currency_name":"NuCypher","last_updated_utc":"2017-01-01T00:00:00Z"},{"ticker":"X:OCEANUSD","name":"Ocean Protocol - United States Dollar","market":"crypto","locale":"global","active":true,"currency_symbol":"USD","currency_name":"United States Dollar","base_currency_symbol":"OCEAN","base_currency_name":"Ocean Protocol","last_updated_utc":"2017-01-01T00:00:00Z"},{"ticker":"X:OGNUSD","name":"Origin Protocol - United States Dollar","market":"crypto","locale":"global","active":true,"currency_symbol":"USD","currency_name":"United States Dollar","base_currency_symbol":"OGN","base_currency_name":"Origin Protocol","last_updated_utc":"2017-01-01T00:00:00Z"},{"ticker":"X:OMGUSD","name":"OmiseGO - United States Dollar","market":"crypto","locale":"global","active":true,"currency_symbol":"USD","currency_name":"United States Dollar","base_currency_symbol":"OMG","base_currency_name":"OmiseGO","last_updated_utc":"2017-01-01T00:00:00Z"},{"ticker":"X:ORNUSD","name":"Orion Protocol - United States Dollar","market":"crypto","locale":"global","active":true,"currency_symbol":"USD","currency_name":"United States Dollar","base_currency_symbol":"ORN","base_currency_name":"Orion Protocol","last_updated_utc":"2017-01-01T00:00:00Z"},{"ticker":"X:OXTUSD","name":"Orchid - United States Dollar","market":"crypto","locale":"global","active":true,"currency_symbol":"USD","currency_name":"United States Dollar","base_currency_symbol":"OXT","base_currency_name":"Orchid","last_updated_utc":"2017-01-01T00:00:00Z"},{"ticker":"X:OXYUSD","name":"Oxygen - United States Dollar","market":"crypto","locale":"global","active":true,"currency_symbol":"USD","currency_name":"United States Dollar","base_currency_symbol":"OXY","base_currency_name":"Oxygen","last_updated_utc":"2017-01-01T00:00:00Z"},{"ticker":"X:PASUSD","name":"Pascal - United States Dollar","market":"crypto","locale":"global","active":true,"currency_symbol":"USD","currency_name":"United States Dollar","base_currency_symbol":"PAS","base_currency_name":"Pascal","last_updated_utc":"2017-01-01T00:00:00Z"},{"ticker":"X:PAXGUSD","name":"PAX Gold - United States Dollar","market":"crypto","locale":"global","active":true,"currency_symbol":"USD","currency_name":"United States Dollar","base_currency_symbol":"PAXG","base_currency_name":"PAX Gold","last_updated_utc":"2017-01-01T00:00:00Z"},{"ticker":"X:PAXUSD","name":"Paxos Standard Token - United States Dollar","market":"crypto","locale":"global","active":true,"currency_symbol":"USD","currency_name":"United States Dollar","base_currency_symbol":"PAX","base_currency_name":"Paxos Standard Token","last_updated_utc":"2017-01-01T00:00:00Z"},{"ticker":"X:PERPUSD","name":"Perpetual Protocol - United States Dollar","market":"crypto","locale":"global","active":true,"currency_symbol":"USD","currency_name":"United States Dollar","base_currency_symbol":"PERP","base_currency_name":"Perpetual Protocol","last_updated_utc":"2017-01-01T00:00:00Z"},{"ticker":"X:PLANETSUSD","name":"PlanetWatch - United States Dollar","market":"crypto","locale":"global","active":true,"currency_symbol":"USD","currency_name":"United States Dollar","base_currency_symbol":"PLANETS","base_currency_name":"PlanetWatch","last_updated_utc":"2017-01-01T00:00:00Z"},{"ticker":"X:PLAUSD","name":"PlayDapp - United States Dollar","market":"crypto","locale":"global","active":true,"currency_symbol":"USD","currency_name":"United States Dollar","base_currency_symbol":"PLA","base_currency_name":"PlayDapp","last_updated_utc":"2017-01-01T00:00:00Z"},{"ticker":"X:PNKUSD","name":"Kleros - United States Dollar","market":"crypto","locale":"global","active":true,"currency_symbol":"USD","currency_name":"United States Dollar","base_currency_symbol":"PNK","base_currency_name":"Kleros","last_updated_utc":"2017-01-01T00:00:00Z"},{"ticker":"X:POLYUSD","name":"Polymath - United States Dollar","market":"crypto","locale":"global","active":true,"currency_symbol":"USD","currency_name":"United States Dollar","base_currency_symbol":"POLY","base_currency_name":"Polymath","last_updated_utc":"2017-01-01T00:00:00Z"},{"ticker":"X:QNTUSD","name":"Quant - United States Dollar","market":"crypto","locale":"global","active":true,"currency_symbol":"USD","currency_name":"United States Dollar","base_currency_symbol":"QNT","base_currency_name":"Quant","last_updated_utc":"2017-01-01T00:00:00Z"},{"ticker":"X:QRDOUSD","name":"Qredo - United States Dollar","market":"crypto","locale":"global","active":true,"currency_symbol":"USD","currency_name":"United States Dollar","base_currency_symbol":"QRDO","base_currency_name":"Qredo","last_updated_utc":"2017-01-01T00:00:00Z"},{"ticker":"X:QTFUSD","name":"Quantfury Token - United States Dollar","market":"crypto","locale":"global","active":true,"currency_symbol":"USD","currency_name":"United States Dollar","base_currency_symbol":"QTF","base_currency_name":"Quantfury Token","last_updated_utc":"2017-01-01T00:00:00Z"},{"ticker":"X:QTMUSD","name":"Quantreum - United States Dollar","market":"crypto","locale":"global","active":true,"currency_symbol":"USD","currency_name":"United States Dollar","base_currency_symbol":"QTM","base_currency_name":"Quantreum","last_updated_utc":"2017-01-01T00:00:00Z"},{"ticker":"X:QTUMUSD","name":"Quantum - United States Dollar","market":"crypto","locale":"global","active":true,"currency_symbol":"USD","currency_name":"United States Dollar","base_currency_symbol":"QTUM","base_currency_name":"Quantum","last_updated_utc":"2017-01-01T00:00:00Z"},{"ticker":"X:QUICKUSD","name":"QuickSwap - United States Dollar","market":"crypto","locale":"global","active":true,"currency_symbol":"USD","currency_name":"United States Dollar","base_currency_symbol":"QUICK","base_currency_name":"QuickSwap","last_updated_utc":"2017-01-01T00:00:00Z"},{"ticker":"X:RAIUSD","name":"Rai Reflex Index - United States Dollar","market":"crypto","locale":"global","active":true,"currency_symbol":"USD","currency_name":"United States Dollar","base_currency_symbol":"RAI","base_currency_name":"Rai Reflex Index","last_updated_utc":"2017-01-01T00:00:00Z"},{"ticker":"X:RARIUSD","name":"Rarible - United States Dollar","market":"crypto","locale":"global","active":true,"currency_symbol":"USD","currency_name":"United States Dollar","base_currency_symbol":"RARI","base_currency_name":"Rarible","last_updated_utc":"2017-01-01T00:00:00Z"},{"ticker":"X:REEFUSD","name":"Reef - United States Dollar","market":"crypto","locale":"global","active":true,"currency_symbol":"USD","currency_name":"United States Dollar","base_currency_symbol":"REEF","base_currency_name":"Reef","last_updated_utc":"2017-01-01T00:00:00Z"},{"ticker":"X:RENUSD","name":"Ren - United States Dollar","market":"crypto","locale":"global","active":true,"currency_symbol":"USD","currency_name":"United States Dollar","base_currency_symbol":"REN","base_currency_name":"Ren","last_updated_utc":"2017-01-01T00:00:00Z"},{"ticker":"X:REPUSD","name":"Augur - United States Dollar","market":"crypto","locale":"global","active":true,"currency_symbol":"USD","currency_name":"United States Dollar","base_currency_symbol":"REP","base_currency_name":"Augur","last_updated_utc":"2017-01-01T00:00:00Z"},{"ticker":"X:REQUSD","name":"Request - United States Dollar","market":"crypto","locale":"global","active":true,"currency_symbol":"USD","currency_name":"United States Dollar","base_currency_symbol":"REQ","base_currency_name":"Request","last_updated_utc":"2017-01-01T00:00:00Z"},{"ticker":"X:RLCUSD","name":"iExec - United States Dollar","market":"crypto","locale":"global","active":true,"currency_symbol":"USD","currency_name":"United States Dollar","base_currency_symbol":"RLC","base_currency_name":"iExec","last_updated_utc":"2017-01-01T00:00:00Z"},{"ticker":"X:RLYUSD","name":"Rally - United States Dollar","market":"crypto","locale":"global","active":true,"currency_symbol":"USD","currency_name":"United States Dollar","base_currency_symbol":"RLY","base_currency_name":"Rally","last_updated_utc":"2017-01-01T00:00:00Z"},{"ticker":"X:RNDRUSD","name":"Render Token - United States Dollar","market":"crypto","locale":"global","active":true,"currency_symbol":"USD","currency_name":"United States Dollar","base_currency_symbol":"RNDR","base_currency_name":"Render Token","last_updated_utc":"2017-01-01T00:00:00Z"},{"ticker":"X:ROSEUSD","name":"Oasis Network - United States Dollar","market":"crypto","locale":"global","active":true,"currency_symbol":"USD","currency_name":"United States Dollar","base_currency_symbol":"ROSE","base_currency_name":"Oasis Network","last_updated_utc":"2017-01-01T00:00:00Z"},{"ticker":"X:SANDUSD","name":"The Sandbox - United States Dollar","market":"crypto","locale":"global","active":true,"currency_symbol":"USD","currency_name":"United States Dollar","base_currency_symbol":"SAND","base_currency_name":"The Sandbox","last_updated_utc":"2017-01-01T00:00:00Z"},{"ticker":"X:SCUSD","name":"Siacoin - United States Dollar","market":"crypto","locale":"global","active":true,"currency_symbol":"USD","currency_name":"United States Dollar","base_currency_symbol":"SC","base_currency_name":"Siacoin","last_updated_utc":"2017-01-01T00:00:00Z"},{"ticker":"X:SHIBUSD","name":"Shiba Inu - United States Dollar","market":"crypto","locale":"global","active":true,"currency_symbol":"USD","currency_name":"United States Dollar","base_currency_symbol":"SHIB","base_currency_name":"Shiba Inu","last_updated_utc":"2017-01-01T00:00:00Z"},{"ticker":"X:SKLUSD","name":"SKALE Network - United States Dollar","market":"crypto","locale":"global","active":true,"currency_symbol":"USD","currency_name":"United States Dollar","base_currency_symbol":"SKL","base_currency_name":"SKALE Network","last_updated_utc":"2017-01-01T00:00:00Z"},{"ticker":"X:SNTUSD","name":"Status - United States Dollar","market":"crypto","locale":"global","active":true,"currency_symbol":"USD","currency_name":"United States Dollar","base_currency_symbol":"SNT","base_currency_name":"Status","last_updated_utc":"2017-01-01T00:00:00Z"},{"ticker":"X:SNXUSD","name":"Synthetix - United States Dollar","market":"crypto","locale":"global","active":true,"currency_symbol":"USD","currency_name":"United States Dollar","base_currency_symbol":"SNX","base_currency_name":"Synthetix","last_updated_utc":"2017-01-01T00:00:00Z"},{"ticker":"X:SOLUSD","name":"Solana - United States Dollar","market":"crypto","locale":"global","active":true,"currency_symbol":"USD","currency_name":"United States Dollar","base_currency_symbol":"SOL","base_currency_name":"Solana","last_updated_utc":"2017-01-01T00:00:00Z"},{"ticker":"X:SPELLUSD","name":"Spell Token - United States Dollar","market":"crypto","locale":"global","active":true,"currency_symbol":"USD","currency_name":"United States Dollar","base_currency_symbol":"SPELL","base_currency_name":"Spell Token","last_updated_utc":"2017-01-01T00:00:00Z"},{"ticker":"X:SRMUSD","name":"Serum - United States Dollar","market":"crypto","locale":"global","active":true,"currency_symbol":"USD","currency_name":"United States Dollar","base_currency_symbol":"SRM","base_currency_name":"Serum","last_updated_utc":"2017-01-01T00:00:00Z"},{"ticker":"X:STORJUSD","name":"Storj - United States Dollar","market":"crypto","locale":"global","active":true,"currency_symbol":"USD","currency_name":"United States Dollar","base_currency_symbol":"STORJ","base_currency_name":"Storj","last_updated_utc":"2017-01-01T00:00:00Z"},{"ticker":"X:STXUSD","name":"Stox - United States Dollar","market":"crypto","locale":"global","active":true,"currency_symbol":"USD","currency_name":"United States Dollar","base_currency_symbol":"STX","base_currency_name":"Stox","last_updated_utc":"2017-01-01T00:00:00Z"},{"ticker":"X:SUKUUSD","name":"SUKU - United States Dollar","market":"crypto","locale":"global","active":true,"currency_symbol":"USD","currency_name":"United States Dollar","base_currency_symbol":"SUKU","base_currency_name":"SUKU","last_updated_utc":"2017-01-01T00:00:00Z"},{"ticker":"X:SUSHIUSD","name":"Sushi - United States Dollar","market":"crypto","locale":"global","active":true,"currency_symbol":"USD","currency_name":"United States Dollar","base_currency_symbol":"SUSHI","base_currency_name":"Sushi","last_updated_utc":"2017-01-01T00:00:00Z"},{"ticker":"X:SWFTCUSD","name":"SwiftCoin - United States Dollar","market":"crypto","locale":"global","active":true,"currency_symbol":"USD","currency_name":"United States Dollar","base_currency_symbol":"SWFTC","base_currency_name":"SwiftCoin","last_updated_utc":"2017-01-01T00:00:00Z"},{"ticker":"X:TLOSUSD","name":"Telos - United States Dollar","market":"crypto","locale":"global","active":true,"currency_symbol":"USD","currency_name":"United States Dollar","base_currency_symbol":"TLOS","base_currency_name":"Telos","last_updated_utc":"2017-01-01T00:00:00Z"},{"ticker":"X:TRACUSD","name":"OriginTrail - United States Dollar","market":"crypto","locale":"global","active":true,"currency_symbol":"USD","currency_name":"United States Dollar","base_currency_symbol":"TRAC","base_currency_name":"OriginTrail","last_updated_utc":"2017-01-01T00:00:00Z"},{"ticker":"X:TRBUSD","name":"Tellor - United States Dollar","market":"crypto","locale":"global","active":true,"currency_symbol":"USD","currency_name":"United States Dollar","base_currency_symbol":"TRB","base_currency_name":"Tellor","last_updated_utc":"2017-01-01T00:00:00Z"},{"ticker":"X:TRIBEUSD","name":"Tribe - United States Dollar","market":"crypto","locale":"global","active":true,"currency_symbol":"USD","currency_name":"United States Dollar","base_currency_symbol":"TRIBE","base_currency_name":"Tribe","last_updated_utc":"2017-01-01T00:00:00Z"},{"ticker":"X:TRUUSD","name":"TrueFi - United States Dollar","market":"crypto","locale":"global","active":true,"currency_symbol":"USD","currency_name":"United States Dollar","base_currency_symbol":"TRU","base_currency_name":"TrueFi","last_updated_utc":"2017-01-01T00:00:00Z"},{"ticker":"X:TRXUSD","name":"TRON - United States Dollar","market":"crypto","locale":"global","active":true,"currency_symbol":"USD","currency_name":"United States Dollar","base_currency_symbol":"TRX","base_currency_name":"TRON","last_updated_utc":"2017-01-01T00:00:00Z"},{"ticker":"X:TSDUSD","name":"TrueUSD - United States Dollar","market":"crypto","locale":"global","active":true,"currency_symbol":"USD","currency_name":"United States Dollar","base_currency_symbol":"TSD","base_currency_name":"TrueUSD","last_updated_utc":"2017-01-01T00:00:00Z"},{"ticker":"X:UDCUSD","name":"Universal Digital Coin - United States Dollar","market":"crypto","locale":"global","active":true,"currency_symbol":"USD","currency_name":"United States Dollar","base_currency_symbol":"UDC","base_currency_name":"Universal Digital Coin","last_updated_utc":"2017-01-01T00:00:00Z"},{"ticker":"X:UMAUSD","name":"UMA - United States Dollar","market":"crypto","locale":"global","active":true,"currency_symbol":"USD","currency_name":"United States Dollar","base_currency_symbol":"UMA","base_currency_name":"UMA","last_updated_utc":"2017-01-01T00:00:00Z"},{"ticker":"X:UNIUSD","name":"Uniswap - United States Dollar","market":"crypto","locale":"global","active":true,"currency_symbol":"USD","currency_name":"United States Dollar","base_currency_symbol":"UNI","base_currency_name":"Uniswap","last_updated_utc":"2017-01-01T00:00:00Z"},{"ticker":"X:UOSUSD","name":"Ultra - United States Dollar","market":"crypto","locale":"global","active":true,"currency_symbol":"USD","currency_name":"United States Dollar","base_currency_symbol":"UOS","base_currency_name":"Ultra","last_updated_utc":"2017-01-01T00:00:00Z"},{"ticker":"X:USDCUSD","name":"USD Coin - United States Dollar","market":"crypto","locale":"global","active":true,"currency_symbol":"USD","currency_name":"United States Dollar","base_currency_symbol":"USDC","base_currency_name":"USD Coin","last_updated_utc":"2017-01-01T00:00:00Z"},{"ticker":"X:USDTUSD","name":"Tether - United States Dollar","market":"crypto","locale":"global","active":true,"currency_symbol":"USD","currency_name":"United States Dollar","base_currency_symbol":"USDT","base_currency_name":"Tether","last_updated_utc":"2017-01-01T00:00:00Z"},{"ticker":"X:USTUSD","name":"TerraUST - United States Dollar","market":"crypto","locale":"global","active":true,"currency_symbol":"USD","currency_name":"United States Dollar","base_currency_symbol":"UST","base_currency_name":"TerraUST","last_updated_utc":"2017-01-01T00:00:00Z"},{"ticker":"X:UTKUSD","name":"UTrust - United States Dollar","market":"crypto","locale":"global","active":true,"currency_symbol":"USD","currency_name":"United States Dollar","base_currency_symbol":"UTK","base_currency_name":"UTrust","last_updated_utc":"2017-01-01T00:00:00Z"},{"ticker":"X:VEEUSD","name":"BLOCKv - United States Dollar","market":"crypto","locale":"global","active":true,"currency_symbol":"USD","currency_name":"United States Dollar","base_currency_symbol":"VEE","base_currency_name":"BLOCKv","last_updated_utc":"2017-01-01T00:00:00Z"},{"ticker":"X:VELOUSD","name":"Velo - United States Dollar","market":"crypto","locale":"global","active":true,"currency_symbol":"USD","currency_name":"United States Dollar","base_currency_symbol":"VELO","base_currency_name":"Velo","last_updated_utc":"2017-01-01T00:00:00Z"},{"ticker":"X:VETUSD","name":"VeChain - United States Dollar","market":"crypto","locale":"global","active":true,"currency_symbol":"USD","currency_name":"United States Dollar","base_currency_symbol":"VET","base_currency_name":"VeChain","last_updated_utc":"2017-01-01T00:00:00Z"},{"ticker":"X:VGXUSD","name":"Voyager Token - United States Dollar","market":"crypto","locale":"global","active":true,"currency_symbol":"USD","currency_name":"United States Dollar","base_currency_symbol":"VGX","base_currency_name":"Voyager Token","last_updated_utc":"2017-01-01T00:00:00Z"},{"ticker":"X:VSYUSD","name":"VSY - United States Dollar","market":"crypto","locale":"global","active":true,"currency_symbol":"USD","currency_name":"United States Dollar","base_currency_symbol":"VSY","base_currency_name":"VSY","last_updated_utc":"2017-01-01T00:00:00Z"},{"ticker":"X:WAVESUSD","name":"Waves - United States Dollar","market":"crypto","locale":"global","active":true,"currency_symbol":"USD","currency_name":"United States Dollar","base_currency_symbol":"WAVES","base_currency_name":"Waves","last_updated_utc":"2017-01-01T00:00:00Z"},{"ticker":"X:WAXUSD","name":"Wax - United States Dollar","market":"crypto","locale":"global","active":true,"currency_symbol":"USD","currency_name":"United States Dollar","base_currency_symbol":"WAX","base_currency_name":"Wax","last_updated_utc":"2017-01-01T00:00:00Z"},{"ticker":"X:WBTCUSD","name":"Wrapped Bitcoin - United States Dollar","market":"crypto","locale":"global","active":true,"currency_symbol":"USD","currency_name":"United States Dollar","base_currency_symbol":"WBTC","base_currency_name":"Wrapped Bitcoin","last_updated_utc":"2017-01-01T00:00:00Z"},{"ticker":"X:XAUTUSD","name":"Tether Gold - United States Dollar","market":"crypto","locale":"global","active":true,"currency_symbol":"USD","currency_name":"United States Dollar","base_currency_symbol":"XAUT","base_currency_name":"Tether Gold","last_updated_utc":"2017-01-01T00:00:00Z"},{"ticker":"X:XDCUSD","name":"XDC Network - United States Dollar","market":"crypto","locale":"global","active":true,"currency_symbol":"USD","currency_name":"United States Dollar","base_currency_symbol":"XDC","base_currency_name":"XDC Network","last_updated_utc":"2017-01-01T00:00:00Z"},{"ticker":"X:XLMUSD","name":"Stellar - United States Dollar","market":"crypto","locale":"global","active":true,"currency_symbol":"USD","currency_name":"United States Dollar","base_currency_symbol":"XLM","base_currency_name":"Stellar","last_updated_utc":"2017-01-01T00:00:00Z"},{"ticker":"X:XMRUSD","name":"Monero - United States Dollar","market":"crypto","locale":"global","active":true,"currency_symbol":"USD","currency_name":"United States Dollar","base_currency_symbol":"XMR","base_currency_name":"Monero","last_updated_utc":"2017-01-01T00:00:00Z"},{"ticker":"X:XRAUSD","name":"Ratecoin - United States Dollar","market":"crypto","locale":"global","active":true,"currency_symbol":"USD","currency_name":"United States Dollar","base_currency_symbol":"XRA","base_currency_name":"Ratecoin","last_updated_utc":"2017-01-01T00:00:00Z"},{"ticker":"X:XRDUSD","name":"Radix - United States Dollar","market":"crypto","locale":"global","active":true,"currency_symbol":"USD","currency_name":"United States Dollar","base_currency_symbol":"XRD","base_currency_name":"Radix","last_updated_utc":"2017-01-01T00:00:00Z"},{"ticker":"X:XRPAUD","name":"Ripple - Australian dollar","market":"crypto","locale":"global","active":true,"currency_symbol":"AUD","currency_name":"Australian dollar","base_currency_symbol":"XRP","base_currency_name":"Ripple","last_updated_utc":"2017-01-01T00:00:00Z"},{"ticker":"X:XRPBTC","name":"Ripple - Bitcoin","market":"crypto","locale":"global","active":true,"currency_symbol":"BTC","currency_name":"Bitcoin","base_currency_symbol":"XRP","base_currency_name":"Ripple","last_updated_utc":"2017-01-01T00:00:00Z"},{"ticker":"X:XRPUSD","name":"Ripple - United States Dollar","market":"crypto","locale":"global","active":true,"currency_symbol":"USD","currency_name":"United States Dollar","base_currency_symbol":"XRP","base_currency_name":"Ripple","last_updated_utc":"2017-01-01T00:00:00Z"},{"ticker":"X:XTZUSD","name":"Tezos - United States Dollar","market":"crypto","locale":"global","active":true,"currency_symbol":"USD","currency_name":"United States Dollar","base_currency_symbol":"XTZ","base_currency_name":"Tezos","last_updated_utc":"2017-01-01T00:00:00Z"},{"ticker":"X:XVGUSD","name":"Verge - United States Dollar","market":"crypto","locale":"global","active":true,"currency_symbol":"USD","currency_name":"United States Dollar","base_currency_symbol":"XVG","base_currency_name":"Verge","last_updated_utc":"2017-01-01T00:00:00Z"},{"ticker":"X:XYOUSD","name":"XYO - United States Dollar","market":"crypto","locale":"global","active":true,"currency_symbol":"USD","currency_name":"United States Dollar","base_currency_symbol":"XYO","base_currency_name":"XYO","last_updated_utc":"2017-01-01T00:00:00Z"},{"ticker":"X:YFIUSD","name":"yearn.finance - United States Dollar","market":"crypto","locale":"global","active":true,"currency_symbol":"USD","currency_name":"United States Dollar","base_currency_symbol":"YFI","base_currency_name":"yearn.finance","last_updated_utc":"2017-01-01T00:00:00Z"},{"ticker":"X:YGGUSD","name":"YggDrash - United States Dollar","market":"crypto","locale":"global","active":true,"currency_symbol":"USD","currency_name":"United States Dollar","base_currency_symbol":"YGG","base_currency_name":"YggDrash","last_updated_utc":"2017-01-01T00:00:00Z"},{"ticker":"X:ZCNUSD","name":"0chain - United States Dollar","market":"crypto","locale":"global","active":true,"currency_symbol":"USD","currency_name":"United States Dollar","base_currency_symbol":"ZCN","base_currency_name":"0chain","last_updated_utc":"2017-01-01T00:00:00Z"},{"ticker":"X:ZECUSD","name":"Zcash - United States Dollar","market":"crypto","locale":"global","active":true,"currency_symbol":"USD","currency_name":"United States Dollar","base_currency_symbol":"ZEC","base_currency_name":"Zcash","last_updated_utc":"2017-01-01T00:00:00Z"},{"ticker":"X:ZENUSD","name":"Horizen - United States Dollar","market":"crypto","locale":"global","active":true,"currency_symbol":"USD","currency_name":"United States Dollar","base_currency_symbol":"ZEN","base_currency_name":"Horizen","last_updated_utc":"2017-01-01T00:00:00Z"},{"ticker":"X:ZILUSD","name":"Zilliqa - United States Dollar","market":"crypto","locale":"global","active":true,"currency_symbol":"USD","currency_name":"United States Dollar","base_currency_symbol":"ZIL","base_currency_name":"Zilliqa","last_updated_utc":"2017-01-01T00:00:00Z"},{"ticker":"X:ZMTUSD","name":"Zipmex - United States Dollar","market":"crypto","locale":"global","active":true,"currency_symbol":"USD","currency_name":"United States Dollar","base_currency_symbol":"ZMT","base_currency_name":"Zipmex","last_updated_utc":"2017-01-01T00:00:00Z"},{"ticker":"X:ZRXUSD","name":"0x - United States Dollar","market":"crypto","locale":"global","active":true,"currency_symbol":"USD","currency_name":"United States Dollar","base_currency_symbol":"ZRX","base_currency_name":"0x","last_updated_utc":"2017-01-01T00:00:00Z"}],"status":"OK","request_id":"2d68054425ec1bdd0d3c766bf8c4ebc7","count":228}